{
    "name": "root",
    "metadata": {
        "timer_format_version": "0.1.0",
        "start_time_seconds": "1749488505",
        "python_version": "3.9.13 (main, Oct 13 2022, 21:23:06) [MSC v.1916 64 bit (AMD64)]",
        "command_line_arguments": "C:\\Users\\xdcoc\\anaconda3\\envs\\mlagents-0.29\\Scripts\\mlagents-learn SeekerAgent.yaml --run-id=v5 --initialize-from=v4",
        "mlagents_version": "0.29.0",
        "mlagents_envs_version": "0.29.0",
        "communication_protocol_version": "1.5.0",
        "pytorch_version": "1.13.1+cu116",
        "numpy_version": "1.21.2",
        "end_time_seconds": "1749488569"
    },
    "total": 64.6934686,
    "count": 1,
    "self": 0.0059770999999955166,
    "children": {
        "run_training.setup": {
            "total": 0.09747739999999983,
            "count": 1,
            "self": 0.09747739999999983
        },
        "TrainerController.start_learning": {
            "total": 64.5900141,
            "count": 1,
            "self": 0.34514759999989053,
            "children": {
                "TrainerController._reset_env": {
                    "total": 11.6853453,
                    "count": 1,
                    "self": 11.6853453
                },
                "TrainerController.advance": {
                    "total": 52.42865970000011,
                    "count": 3293,
                    "self": 0.035439800000290234,
                    "children": {
                        "env_step": {
                            "total": 52.39321989999982,
                            "count": 3293,
                            "self": 38.48892629999991,
                            "children": {
                                "SubprocessEnvManager._take_step": {
                                    "total": 13.867999399999993,
                                    "count": 3293,
                                    "self": 0.1764960999999552,
                                    "children": {
                                        "TorchPolicy.evaluate": {
                                            "total": 13.691503300000038,
                                            "count": 3291,
                                            "self": 4.837932499999818,
                                            "children": {
                                                "TorchPolicy.sample_actions": {
                                                    "total": 8.85357080000022,
                                                    "count": 3291,
                                                    "self": 8.85357080000022
                                                }
                                            }
                                        }
                                    }
                                },
                                "workers": {
                                    "total": 0.03629419999991512,
                                    "count": 3292,
                                    "self": 0.0,
                                    "children": {
                                        "worker_root": {
                                            "total": 54.2949997999998,
                                            "count": 3292,
                                            "is_parallel": true,
                                            "self": 20.17584399999957,
                                            "children": {
                                                "steps_from_proto": {
                                                    "total": 0.0005614999999998815,
                                                    "count": 1,
                                                    "is_parallel": true,
                                                    "self": 0.00019719999999701088,
                                                    "children": {
                                                        "_process_rank_one_or_two_observation": {
                                                            "total": 0.00036430000000287066,
                                                            "count": 4,
                                                            "is_parallel": true,
                                                            "self": 0.00036430000000287066
                                                        }
                                                    }
                                                },
                                                "UnityEnvironment.step": {
                                                    "total": 34.11859430000023,
                                                    "count": 3292,
                                                    "is_parallel": true,
                                                    "self": 0.42569890000029886,
                                                    "children": {
                                                        "UnityEnvironment._generate_step_input": {
                                                            "total": 0.3298565000002718,
                                                            "count": 3292,
                                                            "is_parallel": true,
                                                            "self": 0.3298565000002718
                                                        },
                                                        "communicator.exchange": {
                                                            "total": 31.790563999999904,
                                                            "count": 3292,
                                                            "is_parallel": true,
                                                            "self": 31.790563999999904
                                                        },
                                                        "steps_from_proto": {
                                                            "total": 1.5724748999997562,
                                                            "count": 3292,
                                                            "is_parallel": true,
                                                            "self": 0.573501499999626,
                                                            "children": {
                                                                "_process_rank_one_or_two_observation": {
                                                                    "total": 0.9989734000001302,
                                                                    "count": 13168,
                                                                    "is_parallel": true,
                                                                    "self": 0.9989734000001302
                                                                }
                                                            }
                                                        }
                                                    }
                                                }
                                            }
                                        }
                                    }
                                }
                            }
                        }
                    }
                },
                "trainer_threads": {
                    "total": 1.720000000204891e-05,
                    "count": 1,
                    "self": 1.720000000204891e-05,
                    "children": {
                        "thread_root": {
                            "total": 0.0,
                            "count": 0,
                            "is_parallel": true,
                            "self": 0.0,
                            "children": {
                                "trainer_advance": {
                                    "total": 52.72251750000008,