{
    "name": "root",
    "metadata": {
        "timer_format_version": "0.1.0",
        "start_time_seconds": "1749050502",
        "python_version": "3.9.21 (main, Dec 11 2024, 16:35:24) [MSC v.1929 64 bit (AMD64)]",
        "command_line_arguments": "C:\\Users\\Gert Van Goethem\\.conda\\envs\\MLDev\\Scripts\\mlagents-learn SeekerAgent.yaml --run-id=BramSeeker_14 --initialize-from=BramSeeker_08",
        "mlagents_version": "0.30.0",
        "mlagents_envs_version": "0.30.0",
        "communication_protocol_version": "1.5.0",
        "pytorch_version": "2.6.0+cu118",
        "numpy_version": "1.21.2",
        "end_time_seconds": "1749050597"
    },
    "total": 94.4357313,
    "count": 1,
    "self": 0.012058399999986591,
    "children": {
        "run_training.setup": {
            "total": 0.14085590000000003,
            "count": 1,
            "self": 0.14085590000000003
        },
        "TrainerController.start_learning": {
            "total": 94.28281700000001,
            "count": 1,
            "self": 0.018035900000043625,
            "children": {
                "TrainerController._reset_env": {
                    "total": 16.6466545,
                    "count": 1,
                    "self": 16.6466545
                },
                "TrainerController.advance": {
                    "total": 77.12535569999997,
                    "count": 313,
                    "self": 0.008412199999995096,
                    "children": {
                        "env_step": {
                            "total": 77.11694349999998,
                            "count": 313,
                            "self": 73.87046990000002,
                            "children": {
                                "SubprocessEnvManager._take_step": {
                                    "total": 3.23509379999998,
                                    "count": 313,
                                    "self": 0.04036659999994896,
                                    "children": {
                                        "TorchPolicy.evaluate": {
                                            "total": 3.194727200000031,
                                            "count": 296,
                                            "self": 3.194727200000031
                                        }
                                    }
                                },
                                "workers": {
                                    "total": 0.01137979999998251,
                                    "count": 312,
                                    "self": 0.0,
                                    "children": {
                                        "worker_root": {
                                            "total": 16.822772499999996,
                                            "count": 312,
                                            "is_parallel": true,
                                            "self": 9.017210599999979,
                                            "children": {
                                                "steps_from_proto": {
                                                    "total": 0.03262389999999904,
                                                    "count": 1,
                                                    "is_parallel": true,
                                                    "self": 0.0004591999999998819,
                                                    "children": {
                                                        "_process_maybe_compressed_observation": {
                                                            "total": 0.03216469999999916,
                                                            "count": 2,
                                                            "is_parallel": true,
                                                            "self": 6.369999999833453e-05,
                                                            "children": {
                                                                "_observation_to_np_array": {
                                                                    "total": 0.03210100000000082,
                                                                    "count": 1,
                                                                    "is_parallel": true,
                                                                    "self": 4.780000000081941e-05,
                                                                    "children": {
                                                                        "process_pixels": {
                                                                            "total": 0.032053200000000004,
                                                                            "count": 1,
                                                                            "is_parallel": true,
                                                                            "self": 0.00023540000000110695,
                                                                            "children": {
                                                                                "image_decompress": {
                                                                                    "total": 0.0318177999999989,
                                                                                    "count": 1,
                                                                                    "is_parallel": true,
                                                                                    "self": 0.0318177999999989
                                                                                }
                                                                            }
                                                                        }
                                                                    }
                                                                }
                                                            }
                                                        }
                                                    }
                                                },
                                                "UnityEnvironment.step": {
                                                    "total": 7.772938000000018,
                                                    "count": 312,
                                                    "is_parallel": true,
                                                    "self": 0.05650879999998892,
                                                    "children": {
                                                        "UnityEnvironment._generate_step_input": {
                                                            "total": 0.0581748999999796,
                                                            "count": 312,
                                                            "is_parallel": true,
                                                            "self": 0.0581748999999796
                                                        },
                                                        "communicator.exchange": {
                                                            "total": 7.2999584000000155,
                                                            "count": 312,
                                                            "is_parallel": true,
                                                            "self": 7.2999584000000155
                                                        },
                                                        "steps_from_proto": {
                                                            "total": 0.35829590000003364,
                                                            "count": 312,
                                                            "is_parallel": true,