{
    "name": "root",
    "gauges": {
        "SeekerRays.Policy.Entropy.mean": {
            "value": 1.538243055343628,
            "min": 1.528066635131836,
            "max": 1.5537015199661255,
            "count": 25
        },
        "SeekerRays.Policy.Entropy.sum": {
            "value": 30771.013671875,
            "min": 30202.375,
            "max": 31467.498046875,
            "count": 25
        },
        "SeekerRays.Environment.EpisodeLength.mean": {
            "value": 234.26436781609195,
            "min": 231.9879518072289,
            "max": 318.48333333333335,
            "count": 25
        },
        "SeekerRays.Environment.EpisodeLength.sum": {
            "value": 20381.0,
            "min": 19049.0,
            "max": 21025.0,
            "count": 25
        },
        "SeekerRays.Step.mean": {
            "value": 499980.0,
            "min": 19978.0,
            "max": 499980.0,
            "count": 25
        },
        "SeekerRays.Step.sum": {
            "value": 499980.0,
            "min": 19978.0,
            "max": 499980.0,
            "count": 25
        },
        "SeekerRays.Policy.ExtrinsicValueEstimate.mean": {
            "value": 0.7300105094909668,
            "min": 0.5323123335838318,
            "max": 0.7300105094909668,
            "count": 25
        },
        "SeekerRays.Policy.ExtrinsicValueEstimate.sum": {
            "value": 142.35205078125,
            "min": 101.67166137695312,
            "max": 142.35205078125,
            "count": 25
        },
        "SeekerRays.Policy.CuriosityValueEstimate.mean": {
            "value": 1.0048909187316895,
            "min": 0.551546573638916,
            "max": 1.0048909187316895,
            "count": 25
        },
        "SeekerRays.Policy.CuriosityValueEstimate.sum": {
            "value": 195.9537353515625,
            "min": 106.03718566894531,
            "max": 195.9537353515625,
            "count": 25
        },
        "SeekerRays.Environment.CumulativeReward.mean": {
            "value": 1.9115814532824726,
            "min": 1.441206499880978,
            "max": 2.1335815856574287,
            "count": 25
        },
        "SeekerRays.Environment.CumulativeReward.sum": {
            "value": 164.39600498229265,
            "min": 95.97746071778238,
            "max": 164.39600498229265,
            "count": 25
        },
        "SeekerRays.Policy.ExtrinsicReward.mean": {
            "value": 1.9115814532824726,
            "min": 1.441206499880978,
            "max": 2.1335815856574287,
            "count": 25
        },
        "SeekerRays.Policy.ExtrinsicReward.sum": {
            "value": 164.39600498229265,
            "min": 95.97746071778238,
            "max": 164.39600498229265,
            "count": 25
        },
        "SeekerRays.Policy.CuriosityReward.mean": {
            "value": 1.7670032697144982,
            "min": 1.0302361982021795,
            "max": 2.0248613713323067,
            "count": 25
        },
        "SeekerRays.Policy.CuriosityReward.sum": {
            "value": 151.96228119544685,
            "min": 85.5096044507809,
            "max": 151.96228119544685,
            "count": 25
        },
        "SeekerRays.Losses.PolicyLoss.mean": {
            "value": 0.028676413802895696,
            "min": 0.0264305911725387,
            "max": 0.038555799153012535,
            "count": 25
        },
        "SeekerRays.Losses.PolicyLoss.sum": {
            "value": 0.14338206901447847,
            "min": 0.1202785240408654,
            "max": 0.1927789957650627,
            "count": 25
        },
        "SeekerRays.Losses.ValueLoss.mean": {
            "value": 0.02106433658239742,
            "min": 0.016322393300166976,
            "max": 0.03233740630093962,
            "count": 25
        },
        "SeekerRays.Losses.ValueLoss.sum": {
            "value": 0.10532168291198711,
            "min": 0.0652895732006679,
            "max": 0.14157364067311087,
            "count": 25
        },
        "SeekerRays.Policy.LearningRate.mean": {
            "value": 0.00029263236245588,
            "min": 0.00029263236245588,
            "max": 0.00029984416130194626,
            "count": 25
        },
        "SeekerRays.Policy.LearningRate.sum": {
            "value": 0.0014631618122794,
            "min": 0.0011753898532033849,
            "max": 0.001497808725730425,
            "count": 25
        },
        "SeekerRays.Policy.Epsilon.mean": {
            "value": 0.19754412000000002,
            "min": 0.19754412000000002,
            "max": 0.19994805375000002,
            "count": 25
        },
        "SeekerRays.Policy.Epsilon.sum": {
            "value": 0.9877206000000001,
            "min": 0.791796615,
            "max": 0.9992695749999999,
            "count": 25
        },
        "SeekerRays.Policy.Beta.mean": {
            "value": 0.01,
            "min": 0.01,
            "max": 0.01,
            "count": 25
        },
        "SeekerRays.Policy.Beta.sum": {
            "value": 0.05,
            "min": 0.04,
            "max": 0.05,
            "count": 25
        },
        "SeekerRays.Losses.CuriosityForwardLoss.mean": {
            "value": 0.14319653616597255,
            "min": 0.10126675168673198,
            "max": 0.14319653616597255,
            "count": 25
        },
        "SeekerRays.Losses.CuriosityForwardLoss.sum": {
            "value": 0.7159826808298628,
            "min": 0.42656351750095683,
            "max": 0.7159826808298628,
            "count": 25
        },
        "SeekerRays.Losses.CuriosityInverseLoss.mean": {
            "value": 4.455020252863567,
            "min": 4.197607107460499,
            "max": 4.5663170893987015,
            "count": 25
        },
        "SeekerRays.Losses.CuriosityInverseLoss.sum": {
            "value": 22.275101264317833,
            "min": 16.790428429841995,
            "max": 22.831585446993508,
            "count": 25
        },
        "SeekerRays.IsTraining.mean": {
            "value": 1.0,
            "min": 1.0,
            "max": 1.0,
            "count": 25
        },
        "SeekerRays.IsTraining.sum": {
            "value": 1.0,
            "min": 1.0,
            "max": 1.0,
            "count": 25
        }
    },
    "metadata": {
        "timer_format_version": "0.1.0",
        "start_time_seconds": "1749497508",
        "python_version": "3.9.13 (main, Oct 13 2022, 21:23:06) [MSC v.1916 64 bit (AMD64)]",
        "command_line_arguments": "C:\\Users\\xdcoc\\anaconda3\\envs\\mlagents-0.29\\Scripts\\mlagents-learn SeekerAgent.yaml --run-id=v8 --initialize-from=v7",
        "mlagents_version": "0.29.0",
        "mlagents_envs_version": "0.29.0",
        "communication_protocol_version": "1.5.0",
        "pytorch_version": "1.13.1+cu116",
        "numpy_version": "1.21.2",
        "end_time_seconds": "1749499066"
    },
    "total": 1557.6321725,
    "count": 1,
    "self": 0.0058979000002636894,
    "children": {
        "run_training.setup": {
            "total": 0.09297660000000008,
            "count": 1,
            "self": 0.09297660000000008
        },
        "TrainerController.start_learning": {
            "total": 1557.5332979999998,
            "count": 1,
            "self": 2.091903799987449,
            "children": {
                "TrainerController._reset_env": {
                    "total": 12.184851100000001,
                    "count": 1,
                    "self": 12.184851100000001
                },
                "TrainerController.advance": {
                    "total": 1543.1448914000125,
                    "count": 88446,
                    "self": 0.9860476000255858,
                    "children": {
                        "env_step": {
                            "total": 1542.158843799987,
                            "count": 88446,
                            "self": 1151.878291799964,