{
    "name": "root",
    "metadata": {
        "timer_format_version": "0.1.0",
        "start_time_seconds": "1749481564",
        "python_version": "3.9.13 (main, Oct 13 2022, 21:23:06) [MSC v.1916 64 bit (AMD64)]",
        "command_line_arguments": "C:\\Users\\xdcoc\\anaconda3\\envs\\mlagents-0.29\\Scripts\\mlagents-learn SeekerAgent.yaml --run-id=l4 --initialize-from=l3",
        "mlagents_version": "0.29.0",
        "mlagents_envs_version": "0.29.0",
        "communication_protocol_version": "1.5.0",
        "pytorch_version": "1.13.1+cu116",
        "numpy_version": "1.21.2",
        "end_time_seconds": "1749481619"
    },
    "total": 55.1526162,
    "count": 1,
    "self": 0.005964399999996317,
    "children": {
        "run_training.setup": {
            "total": 0.09662180000000009,
            "count": 1,
            "self": 0.09662180000000009
        },
        "TrainerController.start_learning": {
            "total": 55.05003,
            "count": 1,
            "self": 0.01939010000000252,
            "children": {
                "TrainerController._reset_env": {
                    "total": 8.1555383,
                    "count": 1,
                    "self": 8.1555383
                },
                "TrainerController.advance": {
                    "total": 46.73103329999999,
                    "count": 781,
                    "self": 0.008391800000048022,
                    "children": {
                        "env_step": {
                            "total": 46.722641499999945,
                            "count": 781,
                            "self": 42.41171060000006,
                            "children": {
                                "SubprocessEnvManager._take_step": {
                                    "total": 4.302579399999889,
                                    "count": 781,
                                    "self": 0.042633699999882424,
                                    "children": {
                                        "TorchPolicy.evaluate": {
                                            "total": 4.2599457000000065,
                                            "count": 781,
                                            "self": 1.1848267000000607,
                                            "children": {
                                                "TorchPolicy.sample_actions": {
                                                    "total": 3.0751189999999458,
                                                    "count": 781,
                                                    "self": 3.0751189999999458
                                                }
                                            }
                                        }
                                    }
                                },
                                "workers": {
                                    "total": 0.008351499999996292,
                                    "count": 780,
                                    "self": 0.0,
                                    "children": {
                                        "worker_root": {
                                            "total": 17.23559999999999,
                                            "count": 780,
                                            "is_parallel": true,
                                            "self": 6.710224899999947,
                                            "children": {
                                                "steps_from_proto": {
                                                    "total": 0.0005356000000000805,
                                                    "count": 1,
                                                    "is_parallel": true,
                                                    "self": 0.00020739999999896952,
                                                    "children": {
                                                        "_process_rank_one_or_two_observation": {
                                                            "total": 0.00032820000000111094,
                                                            "count": 4,
                                                            "is_parallel": true,
                                                            "self": 0.00032820000000111094
                                                        }
                                                    }
                                                },
                                                "UnityEnvironment.step": {
                                                    "total": 10.524839500000045,
                                                    "count": 780,
                                                    "is_parallel": true,
                                                    "self": 0.0983502000000005,
                                                    "children": {
                                                        "UnityEnvironment._generate_step_input": {
                                                            "total": 0.08408820000005335,
                                                            "count": 780,
                                                            "is_parallel": true,
                                                            "self": 0.08408820000005335
                                                        },
                                                        "communicator.exchange": {
                                                            "total": 9.9838927,
                                                            "count": 780,
                                                            "is_parallel": true,
                                                            "self": 9.9838927
                                                        },
                                                        "steps_from_proto": {
                                                            "total": 0.35850839999999096,
                                                            "count": 780,
                                                            "is_parallel": true,
                                                            "self": 0.1438395000001229,
                                                            "children": {
                                                                "_process_rank_one_or_two_observation": {
                                                                    "total": 0.21466889999986805,
                                                                    "count": 3120,
                                                                    "is_parallel": true,
                                                                    "self": 0.21466889999986805
                                                                }
                                                            }
                                                        }
                                                    }
                                                }
                                            }
                                        }
                                    }
                                }
                            }
                        }
                    }
                },
                "trainer_threads": {
                    "total": 2.1099999997886698e-05,
                    "count": 1,
                    "self": 2.1099999997886698e-05,
                    "children": {
                        "thread_root": {
                            "total": 0.0,
                            "count": 0,
                            "is_parallel": true,
                            "self": 0.0,
                            "children": {
                                "trainer_advance": {
                                    "total": 46.69788489999976,