{
    "name": "root",
    "metadata": {
        "timer_format_version": "0.1.0",
        "start_time_seconds": "1749054899",
        "python_version": "3.9.21 (main, Dec 11 2024, 16:35:24) [MSC v.1929 64 bit (AMD64)]",
        "command_line_arguments": "C:\\Users\\Gert Van Goethem\\.conda\\envs\\MLDev\\Scripts\\mlagents-learn SeekerAgent.yaml --run-id=BramSeeker_19 --initialize-from=BramSeeker_08",
        "mlagents_version": "0.30.0",
        "mlagents_envs_version": "0.30.0",
        "communication_protocol_version": "1.5.0",
        "pytorch_version": "2.6.0+cu118",
        "numpy_version": "1.21.2",
        "end_time_seconds": "1749055197"
    },
    "total": 298.83844619999996,
    "count": 1,
    "self": 0.007277299999941533,
    "children": {
        "run_training.setup": {
            "total": 0.1700678,
            "count": 1,
            "self": 0.1700678
        },
        "TrainerController.start_learning": {
            "total": 298.6611011,
            "count": 1,
            "self": 0.2891070999996259,
            "children": {
                "TrainerController._reset_env": {
                    "total": 33.2029275,
                    "count": 1,
                    "self": 33.2029275
                },
                "TrainerController.advance": {
                    "total": 264.9246863000004,
                    "count": 5313,
                    "self": 0.12821799999960604,
                    "children": {
                        "env_step": {
                            "total": 264.7964683000008,
                            "count": 5313,
                            "self": 213.74496810000232,
                            "children": {
                                "SubprocessEnvManager._take_step": {
                                    "total": 50.85792909999867,
                                    "count": 5314,
                                    "self": 0.6772221999981483,
                                    "children": {
                                        "TorchPolicy.evaluate": {
                                            "total": 50.18070690000052,
                                            "count": 5233,
                                            "self": 50.18070690000052
                                        }
                                    }
                                },
                                "workers": {
                                    "total": 0.19357109999982214,
                                    "count": 5312,
                                    "self": 0.0,
                                    "children": {
                                        "worker_root": {
                                            "total": 206.00247290000004,
                                            "count": 5312,
                                            "is_parallel": true,
                                            "self": 69.73163920000053,
                                            "children": {
                                                "steps_from_proto": {
                                                    "total": 0.06818819999999803,
                                                    "count": 2,
                                                    "is_parallel": true,
                                                    "self": 0.000781299999996321,
                                                    "children": {
                                                        "_process_maybe_compressed_observation": {
                                                            "total": 0.06740690000000171,
                                                            "count": 4,
                                                            "is_parallel": true,
                                                            "self": 0.00017839999999225142,
                                                            "children": {
                                                                "_observation_to_np_array": {
                                                                    "total": 0.06722850000000946,
                                                                    "count": 4,
                                                                    "is_parallel": true,
                                                                    "self": 0.00016090000000446025,
                                                                    "children": {
                                                                        "process_pixels": {
                                                                            "total": 0.067067600000005,
                                                                            "count": 4,
                                                                            "is_parallel": true,
                                                                            "self": 0.0007026000000074362,
                                                                            "children": {
                                                                                "image_decompress": {
                                                                                    "total": 0.06636499999999756,
                                                                                    "count": 4,
                                                                                    "is_parallel": true,
                                                                                    "self": 0.06636499999999756
                                                                                }
                                                                            }
                                                                        }
                                                                    }
                                                                }
                                                            }
                                                        }
                                                    }
                                                },
                                                "UnityEnvironment.step": {
                                                    "total": 136.2026454999995,
                                                    "count": 5312,
                                                    "is_parallel": true,
                                                    "self": 0.9238196999988304,
                                                    "children": {
                                                        "UnityEnvironment._generate_step_input": {
                                                            "total": 1.068535000000594,
                                                            "count": 5312,
                                                            "is_parallel": true,
                                                            "self": 1.068535000000594
                                                        },
                                                        "communicator.exchange": {
                                                            "total": 126.04463319999952,
                                                            "count": 5312,
                                                            "is_parallel": true,
                                                            "self": 126.04463319999952
                                                        },
                                                        "steps_from_proto": {
                                                            "total": 8.165657600000543,
                                                            "count": 5312,
                                                            "is_parallel": true,