{
    "name": "root",
    "gauges": {
        "SeekerAgent.Policy.Entropy.mean": {
            "value": 1.3846890926361084,
            "min": 1.3620041608810425,
            "max": 1.3846890926361084,
            "count": 5
        },
        "SeekerAgent.Policy.Entropy.sum": {
            "value": 27710.3984375,
            "min": 27308.0859375,
            "max": 27710.3984375,
            "count": 5
        },
        "SeekerAgent.Environment.EpisodeLength.mean": {
            "value": 100.16666666666667,
            "min": 61.128125,
            "max": 100.16666666666667,
            "count": 5
        },
        "SeekerAgent.Environment.EpisodeLength.sum": {
            "value": 19833.0,
            "min": 19561.0,
            "max": 19894.0,
            "count": 5
        },
        "SeekerAgent.Step.mean": {
            "value": 99949.0,
            "min": 19948.0,
            "max": 99949.0,
            "count": 5
        },
        "SeekerAgent.Step.sum": {
            "value": 99949.0,
            "min": 19948.0,
            "max": 99949.0,
            "count": 5
        },
        "SeekerAgent.Policy.ExtrinsicValueEstimate.mean": {
            "value": 0.13052843511104584,
            "min": 0.11253035068511963,
            "max": 0.14693516492843628,
            "count": 5
        },
        "SeekerAgent.Policy.ExtrinsicValueEstimate.sum": {
            "value": 34.85109329223633,
            "min": 34.85109329223633,
            "max": 41.43571472167969,
            "count": 5
        },
        "SeekerAgent.Environment.CumulativeReward.mean": {
            "value": 0.8782828266572471,
            "min": 0.45862068763720953,
            "max": 0.8782828266572471,
            "count": 5
        },
        "SeekerAgent.Environment.CumulativeReward.sum": {
            "value": 173.89999967813492,
            "min": 146.29999935626984,
            "max": 193.29999965429306,
            "count": 5
        },
        "SeekerAgent.Policy.ExtrinsicReward.mean": {
            "value": 0.8782828266572471,
            "min": 0.45862068763720953,
            "max": 0.8782828266572471,
            "count": 5
        },
        "SeekerAgent.Policy.ExtrinsicReward.sum": {
            "value": 173.89999967813492,
            "min": 146.29999935626984,
            "max": 193.29999965429306,
            "count": 5
        },
        "SeekerAgent.Losses.PolicyLoss.mean": {
            "value": 0.06840102721553036,
            "min": 0.06353805596899978,
            "max": 0.06840102721553036,
            "count": 5
        },
        "SeekerAgent.Losses.PolicyLoss.sum": {
            "value": 1.2996195170950768,
            "min": 1.143685007441996,
            "max": 1.2996195170950768,
            "count": 5
        },
        "SeekerAgent.Losses.ValueLoss.mean": {
            "value": 0.009064712965546437,
            "min": 0.009064712965546437,
            "max": 0.016323298965020244,
            "count": 5
        },
        "SeekerAgent.Losses.ValueLoss.sum": {
            "value": 0.17222954634538232,
            "min": 0.16470238813080532,
            "max": 0.2938193813703644,
            "count": 5
        },
        "SeekerAgent.Policy.LearningRate.mean": {
            "value": 0.0004977500399236763,
            "min": 0.0004977500399236763,
            "max": 0.0004997487653280247,
            "count": 5
        },
        "SeekerAgent.Policy.LearningRate.sum": {
            "value": 0.00945725075854985,
            "min": 0.00896847955630409,
            "max": 0.009485843202831358,
            "count": 5
        },
        "SeekerAgent.Policy.Epsilon.mean": {
            "value": 0.19955000789473684,
            "min": 0.19955000789473684,
            "max": 0.1999497530555556,
            "count": 5
        },
        "SeekerAgent.Policy.Epsilon.sum": {
            "value": 3.79145015,
            "min": 3.5936959100000005,
            "max": 3.79716864,
            "count": 5
        },
        "SeekerAgent.Policy.Beta.mean": {
            "value": 0.010000000000000002,
            "min": 0.010000000000000002,
            "max": 0.010000000000000002,
            "count": 5
        },
        "SeekerAgent.Policy.Beta.sum": {
            "value": 0.19000000000000003,
            "min": 0.18000000000000002,
            "max": 0.19000000000000003,
            "count": 5
        },
        "SeekerAgent.IsTraining.mean": {
            "value": 1.0,
            "min": 1.0,
            "max": 1.0,
            "count": 5
        },
        "SeekerAgent.IsTraining.sum": {
            "value": 1.0,
            "min": 1.0,
            "max": 1.0,
            "count": 5
        }
    },
    "metadata": {
        "timer_format_version": "0.1.0",
        "start_time_seconds": "1749051171",
        "python_version": "3.9.21 (main, Dec 11 2024, 16:35:24) [MSC v.1929 64 bit (AMD64)]",
        "command_line_arguments": "C:\\Users\\Gert Van Goethem\\.conda\\envs\\MLDev\\Scripts\\mlagents-learn SeekerAgent.yaml --run-id=BramSeeker_16 --initialize-from=BramSeeker_08",
        "mlagents_version": "0.30.0",
        "mlagents_envs_version": "0.30.0",
        "communication_protocol_version": "1.5.0",
        "pytorch_version": "2.6.0+cu118",
        "numpy_version": "1.21.2",
        "end_time_seconds": "1749053190"
    },
    "total": 2018.6936458,
    "count": 1,
    "self": 0.01406659999997828,
    "children": {
        "run_training.setup": {
            "total": 0.14473590000000014,
            "count": 1,
            "self": 0.14473590000000014
        },
        "TrainerController.start_learning": {
            "total": 2018.5348433000001,
            "count": 1,
            "self": 3.3771564000128365,
            "children": {
                "TrainerController._reset_env": {
                    "total": 16.5515362,
                    "count": 1,
                    "self": 16.5515362
                },
                "TrainerController.advance": {
                    "total": 1998.1069695999872,
                    "count": 59944,
                    "self": 1.4479418999458176,
                    "children": {
                        "env_step": {
                            "total": 1996.6590277000414,
                            "count": 59944,
                            "self": 1432.5241638000361,
                            "children": {
                                "SubprocessEnvManager._take_step": {
                                    "total": 561.8975055999947,
                                    "count": 59944,
                                    "self": 7.964731799966103,
                                    "children": {
                                        "TorchPolicy.evaluate": {
                                            "total": 553.9327738000286,
                                            "count": 58731,
                                            "self": 553.9327738000286
                                        }
                                    }
                                },
                                "workers": {
                                    "total": 2.2373583000105945,
                                    "count": 59943,
                                    "self": 0.0,
                                    "children": {
                                        "worker_root": {
                                            "total": 2002.3090330000073,
                                            "count": 59943,
                                            "is_parallel": true,
                                            "self": 725.7725082000065,
                                            "children": {
                                                "steps_from_proto": {
                                                    "total": 0.04383400000000037,
                                                    "count": 1,
                                                    "is_parallel": true,